{
  "format_version": "1.12",
  "minecraft:recipe_shaped": {
    "description": {
    "identifier": "veguerra:espada7"
    },

    
    "tags": [ "crafting_table" ],
    "pattern": [
      "V  ",
      " # ",
      "  R"
    ],
    "key": {
      "V": {
        "item": "minecraft:iron_ingot"
      },
      "#": {
        "item": "minecraft:stick"
      },
      "R": {
        "item": "minecraft:bone"
      }
    },
    "result": {
      "item": "veguerra:espada7"
    }
  }
}
