{
  "resource_pack_name": "vanilla",
  "texture_name": "atlas.terrain",
  "padding": 8,
  "num_mip_levels": 4,
  "texture_data": {
    "compressed_stone": {
      "textures": [
        "textures/blocks/compressed_stone"
      ]
    },
    "crystal_block": {
      "textures": [
        "textures/blocks/crystal_block"
      ]
    },
    "bobsidian": {
      "textures": [
        "textures/blocks/bobsidian"
      ]
    },
    "crystal": {
      "textures": [
        "textures/blocks/crystal"
      ]
    }
  }
}