{
	"format_version": "1.10.0",
	"geometry.jake": {
		"texturewidth": 128,
		"textureheight": 128,
		"visible_bounds_width": 2,
		"visible_bounds_height": 2,
		"visible_bounds_offset": [0, 0, 0],
		"bones": [
			{
				"name": "unknown_bone",
				"pivot": [0, 0, 0],
				"cubes": [
					{"origin": [-5, 7, -5], "size": [10, 14, 10], "uv": [0, 24]},
					{"origin": [-4, 8, -6], "size": [8, 12, 12], "uv": [48, 71]},
					{"origin": [-6, 8, -4], "size": [12, 12, 8], "uv": [32, 40]},
					{"origin": [-4, 6, -4], "size": [8, 16, 8], "uv": [40, 0]},
					{"origin": [-1, 12, -9], "size": [2, 2, 10], "uv": [104, 116]},
					{"origin": [-5, 15, -7], "size": [4, 4, 1], "uv": [44, 105]},
					{"origin": [1, 15, -7], "size": [4, 4, 1], "uv": [59, 105]},
					{"origin": [-3, 14, -8], "size": [6, 2, 9], "uv": [40, 24]},
					{"origin": [-3, 11, -8], "size": [2, 3, 9], "uv": [15, 51]},
					{"origin": [1, 11, -8], "size": [2, 3, 9], "uv": [15, 51]},
					{"origin": [-8, 5, -1], "size": [2, 11, 2], "uv": [0, 60]},
					{"origin": [-7, 6, -1], "size": [1, 11, 2], "uv": [8, 60]},
					{"origin": [6, 6, -1], "size": [1, 11, 2], "uv": [8, 60]},
					{"origin": [6, 5, -1], "size": [2, 11, 2], "uv": [0, 60]},
					{"origin": [-1, 6, 0], "size": [2, 2, 7], "uv": [30, 24]}
				]
			},
			{
				"name": "leftLeg",
				"pivot": [-1.9, 12, 0],
				"mirror": true,
				"cubes": [
					{"origin": [-2.9, 0, -1], "size": [2, 9, 2], "uv": [0, 16], "mirror": false},
					{"origin": [-2.9, 0, -3], "size": [2, 2, 2], "uv": [0, 16], "mirror": false}
				]
			},
			{
				"name": "rightLeg",
				"pivot": [1.9, 12, 0],
				"mirror": true,
				"cubes": [
					{"origin": [0.9, 0, -1], "size": [2, 9, 2], "uv": [0, 16]},
					{"origin": [0.9, 0, -3], "size": [2, 2, 4], "uv": [0, 16]}
				]
			}
		]
	}
}