{
	"format_version": "1.10.0",
	"geometry.marceline": {
		"texturewidth": 128,
		"textureheight": 128,
		"visible_bounds_width": 2,
		"visible_bounds_height": 3,
		"visible_bounds_offset": [0, 1.5, 0],
		"bones": [
			{
				"name": "unknown_bone",
				"pivot": [0, 0, 0],
				"cubes": [
					{"origin": [-3, 5, -1], "size": [2, 2, 5], "uv": [0, 119]},
					{"origin": [1, 5, -1], "size": [2, 2, 5], "uv": [0, 119]},
					{"origin": [1, 3, 4], "size": [2, 4, 2], "uv": [118, 122]},
					{"origin": [-3, 3, 4], "size": [2, 4, 2], "uv": [120, 122]},
					{"origin": [-3, 7, -1], "size": [2, 11, 2], "uv": [3, 115]},
					{"origin": [1, 7, -1], "size": [2, 11, 2], "uv": [3, 115]},
					{"origin": [-4, 16, -3], "size": [8, 13, 6], "uv": [100, 41]},
					{"origin": [-6, 26, -2], "size": [12, 3, 4], "uv": [96, 52]},
					{"origin": [-6, 15, -2], "size": [2, 11, 3], "uv": [16, 58]},
					{"origin": [4, 15, -1], "size": [2, 11, 2], "uv": [16, 58]},
					{"origin": [-1, 22, -1], "size": [2, 10, 2], "uv": [0, 60]},
					{"origin": [-3, 31, -4], "size": [7, 6, 8], "uv": [15, 43]},
					{"origin": [-4, 39, -4], "size": [9, 1, 8], "uv": [90, 117]},
					{"origin": [-4, 38, -4], "size": [9, 2, 8], "uv": [94, 119]},
					{"origin": [3, 29, -5], "size": [3, 10, 10], "uv": [102, 108]},
					{"origin": [-5, 20, -5], "size": [2, 19, 10], "uv": [104, 98]},
					{"origin": [-4, 20, 3], "size": [9, 19, 2], "uv": [106, 107]},
					{"origin": [-1, 37, -5], "size": [5, 2, 10], "uv": [98, 116]},
					{"origin": [-3, 38, -5], "size": [5, 1, 10], "uv": [98, 116]},
					{"origin": [-1, 36, -5], "size": [5, 2, 10], "uv": [100, 116]},
					{"origin": [-3, 37, -5], "size": [5, 2, 10], "uv": [100, 116]}
				]
			}
		]
	}
}