{"packs":[{"can_be_redownloaded":true,"name":{"bg_BG":"Пакет с гости от „Време за приключения\"","cs_CZ":"Mash-up Čas na dobrodružství","da_DK":"Eventyrtid-mashup","de_DE":"Mash-up Adventure Time","el_GR":"Συνδυαστικό πακέτο Ώρα της Περιπέτειας","en_GB":"Adventure Time Mash-up","en_US":"Adventure Time Mash-up","es_ES":"Popurrí de Hora de aventuras","es_MX":"Popurrí Hora de aventura","fi_FI":"Adventure Time -yhdistelmä","fr_CA":"Mash-up Adventure Time","fr_FR":"Mash-up Adventure Time","hu_HU":"Kalandra fel mixcsomag","id_ID":"Perpaduan Adventure Time","it_IT":"Mash-up Adventure Time","ja_JP":"アドベンチャー・タイム マッシュアップ","ko_KR":"어드벤처 타임 매시업","nb_NO":"Eventyrtid-mash-up","nl_NL":"Mashup Tijd voor Avontuur","pl_PL":"Miks „Pory na przygodę”","pt_BR":"Mash-up Hora de Aventura","pt_PT":"Mash-up Hora de Aventuras","ru_RU":"Микс «Время приключений»","sk_SK":"Balík mash-up Adventure Time","sv_SE":"Äventyrsdags-mixpaket","tr_TR":"Macera Zamanı Eklentisi","uk_UA":"Збірний пакет \"Час пригод\"","zh_CN":"探险时光混搭包","zh_TW":"探險活寶混搭"},"uuid":"ee4fdd53-d555-4618-b450-2a064d75b156","version":[1,0,16]}]}
