{
  "format_version": "1.10",
  "minecraft:item": {
    "description": {
      "identifier": "veguerra:ffogo"
    },

    "components": {
      "minecraft:stacked_by_data": true,
      "minecraft:use_duration": 32,
      "minecraft:foil": false,
  
      "minecraft:food": {
        "nutrition": 5,
        "saturation_modifier": "supernatural",
        "can_always_eat": true,
        "effects": [
          {
            "name": "absorption",
            "chance": 1.0,
            "duration": 150,
            "amplifier": 3
          },
          {
            "name": "fire_resistance",
            "chance": 1.0,
            "duration": 180,
            "amplifier": 4
          }
        ]
      }
    }
  }
}